epoch,train_loss,val_loss
1,0.07686238611737888,0.08162036289771397
2,0.04642666783183813,0.05564798228442669
